{"timeStart": 1657672802.5584087, "audio_path": "./audio-data/audio2.wav", "path": "./data/7_12_2022_1740", "year": 2022, "month": 7, "day": 12, "timeEnd": 1657672809.5774858}