{"timeStart": 1658352899.0494378, "audio_path": "./audio-data/audio3.wav", "path": "./data/7_20_2022_1434_123", "year": 2022, "month": 7, "day": 20, "timeEnd": 1658352908.3207717}